address,city,company_name,contact_name,employee,fax_number,gender,major_division_description,phone,state,sales,sic_2_code_description,sic_4_code,category,title,url,mon_from,mon_to,tue_from,tue_to,wed_from,wed_to,thu_from,thu_to,fri_from,fri_to,sat_from,sat_to,sun_from,sun_to,zip_code,longitude,latitude,gmaps,mon_closed,tue_closed,wed_closed,thu_closed,fri_closed,sat_closed,sun_closed,status,created_at,updated_at
1099 Marcus Dr.,Sudbury,Best Buy,,,,,, (705) 664-0070,ON,,,,Electronics,,http://www.bestbuy.ca/en-CA/home.aspx,12:00 AM,12:00 AM,10:00 AM,9:00 PM,10:00 AM,9:00 PM,10:00 AM,9:00 PM,10:00 AM,9:00 PM,10:00 AM,9:00 PM,11:00 AM,6:00 PM,,-80.938568,43.7639604,,,,,,,,,,,
350 Stewart Green SW,Calgary,Best Buy,,,,,, (403) 242-2085,AB,,,,Electronics,,http://www.bestbuy.ca/en-CA/home.aspx,10:00 AM,6:00 PM,10:00 AM,9:00 PM,10:00 AM,9:00 PM,10:00 AM,9:00 PM,10:00 AM,9:00 PM,10:00 AM,9:00 PM,11:00 AM,6:00 PM,,-114.170538,43.7367853,,,,,,,,,,,
"3734 Mayor Magrath Dr. S, Unit 1C",Lethbridge,Best Buy,,,,,, (403) 388-5060,AB,,,,Electronics,,http://www.bestbuy.ca/en-CA/home.aspx,10:00 AM,6:00 PM,10:00 AM,9:00 PM,10:00 AM,9:00 PM,10:00 AM,9:00 PM,10:00 AM,9:00 PM,10:00 AM,9:00 PM,11:00 AM,6:00 PM,,-112.793094,43.7281699,,,,,,,,,,,
"2700 Boul. Laurier, Unit 2290",Quebec,Best Buy,,,,,, (418) 266-1819,QC,,,,Electronics,,http://www.bestbuy.ca/en-CA/home.aspx,9:30 AM,9:00 PM,9:30 AM,9:00 PM,9:30 AM,9:00 PM,9:30 AM,9:00 PM,9:30 AM,9:00 PM,9:00 AM,5:00 PM,10:00 AM,5:00 PM,,-71.284052,43.7199411,,,,,,,,,,,
5401 Boul. des Galeries,Quebec,Best Buy,,,,,, (418) 266-1367,QC,,,,Electronics,,http://www.bestbuy.ca/en-CA/home.aspx,9:30 AM,9:00 PM,9:30 AM,9:00 PM,9:30 AM,9:00 PM,9:30 AM,9:00 PM,9:30 AM,9:00 PM,9:00 AM,5:00 PM,10:00 AM,5:00 PM,,-71.295493,43.7570003,,,,,,,,,,,
3 Stavanger Dr.,St. Johns,Best Buy,,,,,, (709) 754-1292,NL,,,,Electronics,,http://www.bestbuy.ca/en-CA/home.aspx,12:00 AM,12:00 AM,9:30 AM,9:00 PM,9:30 AM,9:00 PM,9:30 AM,9:00 PM,9:30 AM,9:00 PM,9:30 AM,9:00 PM,11:00 AM,5:30 PM,,-52.721083,43.7244922,,,,,,,,,,,
11 Washmill Lake Dr.,Halifax,Best Buy,,,,,, (902) 442-3300,NS,,,,Electronics,,http://www.bestbuy.ca/en-CA/home.aspx,12:00 AM,12:00 AM,9:30 AM,9:00 PM,9:30 AM,9:00 PM,9:30 AM,9:00 PM,9:30 AM,9:00 PM,9:30 AM,9:00 PM,11:00 AM,5:30 PM,,-63.672928,43.7480501,,,,,,,,,,,
"2271 Harvey Ave., Unit 1403",Kelowna,Best Buy,,,,,, (250) 448-0890,BC,,,,Electronics,,http://www.bestbuy.ca/en-CA/home.aspx,10:00 AM,6:00 PM,10:00 AM,9:00 PM,10:00 AM,9:00 PM,10:00 AM,9:00 PM,10:00 AM,9:00 PM,9:00 AM,9:00 PM,10:00 AM,6:00 PM,,-119.438412,44.7345479,,,,,,,,,,,
20 Kingston Rd. W,Ajax,Best Buy,,,,,, (905) 619-6977,ON,,,,Electronics,,http://www.bestbuy.ca/en-CA/home.aspx,12:00 AM,12:00 AM,10:00 AM,9:00 PM,10:00 AM,9:00 PM,10:00 AM,9:00 PM,10:00 AM,9:00 PM,10:00 AM,9:00 PM,11:00 AM,6:00 PM,,-79.034367,42.9928934,,,,,,,,,,,
"6075 Mavis Rd., Unit 1",Mississauga,Best Buy,,,,,, (905) 361-8251,ON,,,,Electronics,,http://www.bestbuy.ca/en-CA/home.aspx,12:00 AM,12:00 AM,10:00 AM,9:00 PM,10:00 AM,9:00 PM,10:00 AM,9:00 PM,10:00 AM,9:00 PM,10:00 AM,9:00 PM,11:00 AM,6:00 PM,,-79.697602,43.4836503,,,,,,,,,,,
695 Wilson Ave.,Toronto,Best Buy,,,,,, (416) 635-6574,ON,,,,Electronics,,http://www.bestbuy.ca/en-CA/home.aspx,12:00 AM,12:00 AM,10:00 AM,9:00 PM,10:00 AM,9:00 PM,10:00 AM,9:00 PM,10:00 AM,9:00 PM,10:00 AM,9:00 PM,11:00 AM,6:00 PM,,-79.454983,43.4847589,,,,,,,,,,,
1701 Merivale Rd.,Nepean,Best Buy,,,,,, (613) 212-0146,ON,,,,Electronics,,http://www.bestbuy.ca/en-CA/home.aspx,12:00 AM,12:00 AM,10:00 AM,9:00 PM,10:00 AM,9:00 PM,10:00 AM,9:00 PM,10:00 AM,9:00 PM,10:00 AM,9:00 PM,11:00 AM,6:00 PM,,-75.72746,43.4802433,,,,,,,,,,,
"20202 66th Ave., Unit F3",Langley,Best Buy,,,,,, (604) 530-7787,BC,,,,Electronics,,http://www.bestbuy.ca/en-CA/home.aspx,10:00 AM,6:00 PM,10:00 AM,9:00 PM,10:00 AM,9:00 PM,10:00 AM,9:00 PM,10:00 AM,9:00 PM,10:00 AM,9:00 PM,11:00 AM,6:00 PM,,-122.662794,43.4397093,,,,,,,,,,,
"2500 Winston Park Dr., Unit A",Oakville,Best Buy,,,,,, (905) 829-2034,ON,,,,Electronics,,http://www.bestbuy.ca/en-CA/home.aspx,12:00 AM,12:00 AM,10:00 AM,9:00 PM,10:00 AM,9:00 PM,10:00 AM,9:00 PM,10:00 AM,9:00 PM,10:00 AM,9:00 PM,11:00 AM,6:00 PM,,-79.684545,43.4133574,,,,,,,,,,,
147 Laird Dr.,East York,Best Buy,,,,,, (647) 777-3196,ON,,,,Electronics,,http://www.bestbuy.ca/en-CA/home.aspx,12:00 AM,12:00 AM,10:00 AM,9:00 PM,10:00 AM,9:00 PM,10:00 AM,9:00 PM,10:00 AM,9:00 PM,10:00 AM,9:00 PM,11:00 AM,6:00 PM,,-79.362864,43.4378482,,,,,,,,,,,
"7850 Weston Rd. , Bldg. E Unit 1",Woodbridge,Best Buy,,,,,, (905) 264-3191,ON,,,,Electronics,,http://www.bestbuy.ca/en-CA/home.aspx,12:00 AM,12:00 AM,10:00 AM,9:00 PM,10:00 AM,9:00 PM,10:00 AM,9:00 PM,10:00 AM,9:00 PM,10:00 AM,9:00 PM,11:00 AM,6:00 PM,,-79.548143,43.9175453,,,,,,,,,,,
17539 Stony Plain Rd. NW,Edmonton,Best Buy,,,,,, (780) 443-6700,AB,,,,Electronics,,http://www.bestbuy.ca/en-CA/home.aspx,10:00 AM,6:00 PM,10:00 AM,9:00 PM,10:00 AM,9:00 PM,10:00 AM,9:00 PM,10:00 AM,9:00 PM,10:00 AM,9:00 PM,11:00 AM,6:00 PM,,-113.623523,44.6056687,,,,,,,,,,,
9931 19 Ave. NW,Edmonton,Best Buy,,,,,, (780) 431-6700,AB,,,,Electronics,,http://www.bestbuy.ca/en-CA/home.aspx,10:00 AM,6:00 PM,10:00 AM,9:00 PM,10:00 AM,9:00 PM,10:00 AM,9:00 PM,10:00 AM,9:00 PM,10:00 AM,9:00 PM,10:00 AM,7:00 PM,,-113.488229,44.6261105,,,,,,,,,,,
215 Fairway Rd. S,Kitchener,Best Buy,,,,,, (519) 783-0333,ON,,,,Electronics,,http://www.bestbuy.ca/en-CA/home.aspx,12:00 AM,12:00 AM,10:00 AM,9:00 PM,10:00 AM,9:00 PM,10:00 AM,9:00 PM,10:00 AM,9:00 PM,10:00 AM,9:00 PM,11:00 AM,6:00 PM,,-80.438826,45.4661985,,,,,,,,,,,
1080 Wellington Rd.,London,Best Buy,,,,,, (519) 686-2160,ON,,,,Electronics,,http://www.bestbuy.ca/en-CA/home.aspx,12:00 AM,12:00 AM,10:00 AM,9:00 PM,10:00 AM,9:00 PM,10:00 AM,9:00 PM,10:00 AM,9:00 PM,10:00 AM,9:00 PM,11:00 AM,6:00 PM,,-81.223025,45.4699014,,,,,,,,,,,
"5000 Hwy 7 E, Unit 2070L",Markham,Best Buy,,,,,, (905) 754-3025,ON,,,,Electronics,,http://www.bestbuy.ca/en-CA/home.aspx,12:00 AM,12:00 AM,10:00 AM,9:00 PM,10:00 AM,9:00 PM,10:00 AM,9:00 PM,10:00 AM,9:00 PM,9:30 AM,9:00 PM,11:00 AM,6:00 PM,,-79.291605,43.9354141,,,,,,,,,,,
167 North Queen St.,Etobicoke,Best Buy,,,,,, (647) 288-2300,ON,,,,Electronics,,http://www.bestbuy.ca/en-CA/home.aspx,12:00 AM,12:00 AM,10:00 AM,9:00 PM,10:00 AM,9:00 PM,10:00 AM,9:00 PM,10:00 AM,9:00 PM,10:00 AM,9:00 PM,11:00 AM,6:00 PM,,-79.55764,43.9038124,,,,,,,,,,,
380 Coventry Rd.,Ottawa,Best Buy,,,,,, (613) 212-0333,ON,,,,Electronics,,http://www.bestbuy.ca/en-CA/home.aspx,12:00 AM,12:00 AM,10:00 AM,9:00 PM,10:00 AM,9:00 PM,10:00 AM,9:00 PM,10:00 AM,9:00 PM,10:00 AM,9:00 PM,11:00 AM,6:00 PM,,-75.64902,43.8887351,,,,,,,,,,,
"5300 No. 3 Rd., Unit 700",Richmond,Best Buy,,,,,, (604) 273-7335,BC,,,,Electronics,,http://www.bestbuy.ca/en-CA/home.aspx,10:00 AM,6:00 PM,10:00 AM,9:00 PM,10:00 AM,9:00 PM,10:00 AM,9:00 PM,10:00 AM,9:00 PM,10:00 AM,9:00 PM,11:00 AM,6:00 PM,,-123.136399,43.8954904,,,,,,,,,,,
"1200 Brant St., Unit 1",Burlington,Best Buy,,,,,, (905) 332-4758,ON,,,,Electronics,,http://www.bestbuy.ca/en-CA/home.aspx,12:00 AM,12:00 AM,10:00 AM,9:00 PM,10:00 AM,9:00 PM,10:00 AM,9:00 PM,10:00 AM,9:00 PM,10:00 AM,9:00 PM,11:00 AM,6:00 PM,,-79.823847,43.8697868,,,,,,,,,,,
480 Progress Ave.,Scarborough,Best Buy,,,,,, (416) 296-7020,ON,,,,Electronics,,http://www.bestbuy.ca/en-CA/home.aspx,12:00 AM,12:00 AM,10:00 AM,9:00 PM,10:00 AM,9:00 PM,10:00 AM,9:00 PM,10:00 AM,9:00 PM,10:00 AM,9:00 PM,11:00 AM,6:00 PM,,-79.258621,45.3990243,,,,,,,,,,,
4379 Walker Rd.,Windsor,Best Buy,,,,,, (519) 967-2070,ON,,,,Electronics,,http://www.bestbuy.ca/en-CA/home.aspx,12:00 AM,12:00 AM,10:00 AM,9:00 PM,10:00 AM,9:00 PM,10:00 AM,9:00 PM,10:00 AM,9:00 PM,10:00 AM,9:00 PM,11:00 AM,6:00 PM,,-82.967056,45.3803764,,,,,,,,,,,
"3221 Sunridge Way NE, Unit 500",Calgary,Best Buy,,,,,, (403) 717-1000,AB,,,,Electronics,,http://www.bestbuy.ca/en-CA/home.aspx,10:00 AM,6:00 PM,10:00 AM,9:00 PM,10:00 AM,9:00 PM,10:00 AM,9:00 PM,10:00 AM,9:00 PM,10:00 AM,9:00 PM,11:00 AM,6:00 PM,,-113.998329,45.4364771,,,,,,,,,,,
"810 St. James St., Unit A",Winnipeg,Best Buy,,,,,, (204) 783-0976,MB,,,,Electronics,,http://www.bestbuy.ca/en-CA/home.aspx,10:00 AM,6:00 PM,10:00 AM,9:00 PM,10:00 AM,9:00 PM,10:00 AM,9:00 PM,10:00 AM,9:00 PM,10:00 AM,9:00 PM,10:00 AM,6:00 PM,,-97.20113,45.4414677,,,,,,,,,,,
"8180 11th St. SE,Unit 300",Calgary,Best Buy,,,,,, (403) 258-7975,AB,,,,Electronics,,http://www.bestbuy.ca/en-CA/home.aspx,10:00 AM,6:00 PM,10:00 AM,9:00 PM,10:00 AM,9:00 PM,10:00 AM,9:00 PM,10:00 AM,9:00 PM,10:00 AM,9:00 PM,11:00 AM,6:00 PM,,-114.042829,45.43177618,,,,,,,,,,,
"1580 Regent Ave. W, Unit 10",Winnipeg,Best Buy,,,,,, (204) 661-8157,MB,,,,Electronics,,http://www.bestbuy.ca/en-CA/home.aspx,10:00 AM,6:00 PM,10:00 AM,9:00 PM,10:00 AM,9:00 PM,10:00 AM,9:00 PM,10:00 AM,9:00 PM,10:00 AM,9:00 PM,10:00 AM,6:00 PM,,-97.06416,45.4276843,,,,,,,,,,,
175 Green Lane E,East Gwillimbury,Best Buy,,,,,, (905) 954-1262,ON,,,,Electronics,,http://www.bestbuy.ca/en-CA/home.aspx,12:00 AM,12:00 AM,10:00 AM,9:00 PM,10:00 AM,9:00 PM,10:00 AM,9:00 PM,10:00 AM,9:00 PM,10:00 AM,9:00 PM,11:00 AM,6:00 PM,,-79.479016,45.4135962,,,,,,,,,,,
420 Vansickle Rd. Unit L1,St Catharines,Best Buy,,,,,, (905) 378-0333,ON,,,,Electronics,,http://www.bestbuy.ca/en-CA/home.aspx,12:00 AM,12:00 AM,10:00 AM,9:00 PM,10:00 AM,9:00 PM,10:00 AM,9:00 PM,10:00 AM,9:00 PM,10:00 AM,9:00 PM,11:00 AM,6:00 PM,,-79.270534,45.4107712,,,,,,,,,,,
13924 137 Ave. NW,Edmonton,Best Buy,,,,,, (780) 377-4575,AB,,,,Electronics,,http://www.bestbuy.ca/en-CA/home.aspx,10:00 AM,6:00 PM,10:00 AM,9:00 PM,10:00 AM,9:00 PM,10:00 AM,9:00 PM,10:00 AM,9:00 PM,10:00 AM,9:00 PM,11:00 AM,6:00 PM,,-113.561028,45.4003089,,,,,,,,,,,
2220 Cambie St.,Vancouver,Best Buy,,,,,, (604) 638-4966,BC,,,,Electronics,,http://www.bestbuy.ca/en-CA/home.aspx,10:00 AM,6:00 PM,10:00 AM,10:00 PM,10:00 AM,10:00 PM,10:00 AM,10:00 PM,10:00 AM,10:00 PM,10:00 AM,10:00 PM,11:00 AM,6:00 PM,,-123.114722,45.3690978,,,,,,,,,,,
"80 Concert Way, Unit 2",Barrie,Best Buy,,,,,, (705) 797-5330,ON,,,,Electronics,,http://www.bestbuy.ca/en-CA/home.aspx,12:00 AM,12:00 AM,10:00 AM,9:00 PM,10:00 AM,9:00 PM,10:00 AM,9:00 PM,10:00 AM,9:00 PM,10:00 AM,9:00 PM,11:00 AM,6:00 PM,,-79.680044,45.4043601,,,,,,,,,,,
"25 Peel Centre Dr., Unit 451",Brampton,Best Buy,,,,,, (905) 494-2179,ON,,,,Electronics,,http://www.bestbuy.ca/en-CA/home.aspx,12:00 AM,12:00 AM,10:00 AM,9:00 PM,10:00 AM,9:00 PM,10:00 AM,9:00 PM,10:00 AM,9:00 PM,10:00 AM,9:00 PM,11:00 AM,7:00 PM,,-79.723641,45.3764895,,,,,,,,,,,
2125 Prince of Wales Dr.,Regina,Best Buy,,,,,, (306) 546-0100,SK,,,,Electronics,,http://www.bestbuy.ca/en-CA/home.aspx,10:00 AM,6:00 PM,10:00 AM,9:00 PM,10:00 AM,9:00 PM,10:00 AM,9:00 PM,10:00 AM,9:00 PM,10:00 AM,9:00 PM,11:00 AM,6:00 PM,,-104.533043,45.3520607,,,,,,,,,,,
"225 High Tech Rd., Unit 3",Richmond Hill,Best Buy,,,,,, (905) 695-3906,ON,,,,Electronics,,http://www.bestbuy.ca/en-CA/home.aspx,12:00 AM,12:00 AM,10:00 AM,9:00 PM,10:00 AM,9:00 PM,10:00 AM,9:00 PM,10:00 AM,9:00 PM,10:00 AM,9:00 PM,11:00 AM,6:00 PM,,-79.417653,45.3501619,,,,,,,,,,,
1135 Pinetree Way,Coquitlam,Best Buy,,,,,, (604) 468-5500,BC,,,,Electronics,,http://www.bestbuy.ca/en-CA/home.aspx,10:00 AM,6:00 PM,10:00 AM,9:00 PM,10:00 AM,9:00 PM,10:00 AM,9:00 PM,10:00 AM,9:00 PM,10:00 AM,9:00 PM,11:00 AM,6:00 PM,,-122.79483,45.3294873,,,,,,,,,,,
1751 Victoria St. E,Whitby,Best Buy,,,,,, (905) 674-1055,ON,,,,Electronics,,http://www.bestbuy.ca/en-CA/home.aspx,12:00 AM,12:00 AM,10:00 AM,9:00 PM,10:00 AM,9:00 PM,10:00 AM,9:00 PM,10:00 AM,9:00 PM,10:00 AM,9:00 PM,11:00 AM,6:00 PM,,-78.899332,45.2686692,,,,,,,,,,,
"5001 19th St., Unit 800",Red Deer,Best Buy,,,,,, (403) 314-5645,AB,,,,Electronics,,http://www.bestbuy.ca/en-CA/home.aspx,10:00 AM,6:00 PM,10:00 AM,9:00 PM,10:00 AM,9:00 PM,10:00 AM,9:00 PM,10:00 AM,9:00 PM,10:00 AM,9:00 PM,11:00 AM,6:00 PM,,-113.814435,44.5712867,,,,,,,,,,,
10025 King George Blvd.,Surrey,Best Buy,,,,,, (604) 580-7788,BC,,,,Electronics,,http://www.bestbuy.ca/en-CA/home.aspx,10:00 AM,6:00 PM,10:00 AM,9:00 PM,10:00 AM,9:00 PM,10:00 AM,9:00 PM,10:00 AM,9:00 PM,10:00 AM,9:00 PM,11:00 AM,6:00 PM,,-122.845564,44.5697302,,,,,,,,,,,
8871 Boul. De L'Acadie,Montreal,Best Buy,,,,,, (514) 905-4269,QC,,,,Electronics,,http://www.bestbuy.ca/en-CA/home.aspx,10:00 AM,9:00 PM,10:00 AM,9:00 PM,10:00 AM,9:00 PM,10:00 AM,9:00 PM,10:00 AM,9:00 PM,9:00 AM,5:00 PM,10:00 AM,5:00 PM,,-73.654663,43.2058265,,,,,,,,,,,
770 Gardiners Rd.,Kingston,Best Buy,,,,,, (613) 887-2599,ON,,,,Electronics,,http://www.bestbuy.ca/en-CA/home.aspx,10:00 AM,6:00 PM,10:00 AM,9:00 PM,10:00 AM,9:00 PM,10:00 AM,9:00 PM,10:00 AM,9:00 PM,10:00 AM,9:00 PM,11:00 AM,6:00 PM,,-76.56827,45.3489266,,,,,,,,,,,
"50 Ashtonbee Rd., Unit 2",Scarborough,Best Buy,,,,,, (416) 646-6726,ON,,,,Electronics,,http://www.bestbuy.ca/en-CA/home.aspx,12:00 AM,12:00 AM,10:00 AM,9:00 PM,10:00 AM,9:00 PM,10:00 AM,9:00 PM,10:00 AM,9:00 PM,10:00 AM,9:00 PM,11:00 AM,6:00 PM,,-79.286328,43.044612,,,,,,,,,,,
7200 Boul. des Roseraies,Anjou,Best Buy,,,,,, (514) 787-2000,QC,,,,Electronics,,http://www.bestbuy.ca/en-CA/home.aspx,10:00 AM,9:00 PM,10:00 AM,9:00 PM,10:00 AM,9:00 PM,10:00 AM,9:00 PM,10:00 AM,9:00 PM,9:00 AM,5:00 PM,10:00 AM,5:00 PM,,-73.558612,45.8290875,,,,,,,,,,,
7077 Boul. Newman,LaSalle,Best Buy,,,,,, (514) 368-6570,QC,,,,Electronics,,http://www.bestbuy.ca/en-CA/home.aspx,10:00 AM,9:00 PM,10:00 AM,9:00 PM,10:00 AM,9:00 PM,10:00 AM,9:00 PM,10:00 AM,9:00 PM,9:00 AM,5:00 PM,10:00 AM,5:00 PM,,-73.6108,44.7723859,,,,,,,,,,,
1560 Boul. Le Corbusier,Laval,Best Buy,,,,,, (450) 781-2030,QC,,,,Electronics,,http://www.bestbuy.ca/en-CA/home.aspx,10:00 AM,9:00 PM,10:00 AM,9:00 PM,10:00 AM,9:00 PM,10:00 AM,9:00 PM,10:00 AM,9:00 PM,9:00 AM,5:00 PM,10:00 AM,5:00 PM,,-73.730079,44.9067105,,,,,,,,,,,
"8480 Boul. Leduc, Unit 100",Brossard,Best Buy,,,,,, (450) 766-2300,QC,,,,Electronics,,http://www.bestbuy.ca/en-CA/home.aspx,10:00 AM,9:00 PM,10:00 AM,9:00 PM,10:00 AM,9:00 PM,10:00 AM,9:00 PM,10:00 AM,9:00 PM,9:00 AM,5:00 PM,10:00 AM,5:00 PM,,-73.444266,45.887045,,,,,,,,,,,
"6815 Autoroute Transcanadienne, Local #Y009",Pointe-Claire,Best Buy,,,,,, (514) 782-2400,QC,,,,Electronics,,http://www.bestbuy.ca/en-CA/home.aspx,10:00 AM,9:00 PM,10:00 AM,9:00 PM,10:00 AM,9:00 PM,10:00 AM,9:00 PM,10:00 AM,9:00 PM,9:00 AM,5:00 PM,10:00 AM,5:00 PM,,-73.830527,44.3272895,,,,,,,,,,,
1235 Boul. des Promenades,St-Bruno de Montarville,Best Buy,,,,,, (450) 461-1557,QC,,,,Electronics,,http://www.bestbuy.ca/en-CA/home.aspx,10:00 AM,9:00 PM,10:00 AM,9:00 PM,10:00 AM,9:00 PM,10:00 AM,9:00 PM,10:00 AM,9:00 PM,9:00 AM,5:00 PM,10:00 AM,5:00 PM,,-73.37707,44.2993385,,,,,,,,,,,
920 Maloney Blvd. W,Gatineau,Best Buy,,,,,, (819) 966-2222,QC,,,,Electronics,,http://www.bestbuy.ca/en-CA/home.aspx,10:00 AM,9:00 PM,10:00 AM,9:00 PM,10:00 AM,9:00 PM,10:00 AM,9:00 PM,10:00 AM,9:00 PM,9:00 AM,5:00 PM,10:00 AM,5:00 PM,,-75.691538,44.2869636,,,,,,,,,,,
4805 Kingsway,Burnaby,Best Buy,,,,,, (778) 452-2250,BC,,,,Electronics,,http://www.bestbuy.ca/en-CA/home.aspx,10:00 AM,6:00 PM,10:00 AM,10:00 PM,10:00 AM,10:00 PM,10:00 AM,10:00 PM,10:00 AM,10:00 PM,10:00 AM,10:00 PM,11:00 AM,6:00 PM,,-122.996189,42.881541,,,,,,,,,,,
"3310 8th St. E, Unit 20A",Saskatoon,Best Buy,,,,,, (306) 667-0350,SK,,,,Electronics,,http://www.bestbuy.ca/en-CA/home.aspx,10:00 AM,6:00 PM,10:00 AM,9:00 PM,10:00 AM,9:00 PM,10:00 AM,9:00 PM,10:00 AM,9:00 PM,10:00 AM,9:00 PM,11:00 AM,6:00 PM,,-106.587527,43.8348387,,,,,,,,,,,
745 Kanata Ave.,Kanata,Best Buy,,,,,, (613) 287-3912,ON,,,,Electronics,,http://www.bestbuy.ca/en-CA/home.aspx,12:00 AM,12:00 AM,10:00 AM,9:00 PM,10:00 AM,9:00 PM,10:00 AM,9:00 PM,10:00 AM,9:00 PM,10:00 AM,9:00 PM,11:00 AM,6:00 PM,,-75.914258,43.8196005,,,,,,,,,,,
"5111 Northland Dr. NW, Unit 350",Calgary,Best Buy,,,,,, (403) 247-7175,AB,,,,Electronics,,http://www.bestbuy.ca/en-CA/home.aspx,9:30 AM,6:00 PM,10:00 AM,9:00 PM,10:00 AM,9:00 PM,10:00 AM,9:00 PM,10:00 AM,9:00 PM,9:30 AM,9:00 PM,11:00 AM,6:00 PM,,-114.14144,44.0168116,,,,,,,,,,,
65 Dundas St. W,Toronto,Best Buy,,,,,, (416) 642-8321,ON,,,,Electronics,,http://www.bestbuy.ca/en-CA/home.aspx,10:00 AM,6:00 PM,10:00 AM,10:00 PM,10:00 AM,10:00 PM,10:00 AM,10:00 PM,10:00 AM,10:00 PM,10:00 AM,9:00 PM,11:00 AM,7:00 PM,,-79.38303,42.8913414,,,,,,,,,,,
"401 Boul. Labelle, Unit M-20",Rosemere,Best Buy,,,,,, (450) 420-1464,QC,,,,Electronics,,http://www.bestbuy.ca/en-CA/home.aspx,10:00 AM,9:00 PM,10:00 AM,9:00 PM,10:00 AM,9:00 PM,10:00 AM,9:00 PM,10:00 AM,9:00 PM,9:00 AM,5:00 PM,10:00 AM,5:00 PM,,-73.817092,42.7880073,,,,,,,,,,,
"119 Gale Terrace, Bldg. 1K-4",Dartmouth,Best Buy,,,,,, (902) 468-0075,NS,,,,Electronics,,http://www.bestbuy.ca/en-CA/home.aspx,12:00 AM,12:00 AM,9:30 AM,9:00 PM,9:30 AM,9:00 PM,9:30 AM,9:00 PM,9:30 AM,9:00 PM,9:30 AM,9:00 PM,11:00 AM,5:00 PM,,-63.565196,44.4301001,,,,,,,,,,,
"1735 Richmond St., Unit 1",London,Best Buy,,,,,, (519) 963-8494,ON,,,,Electronics,,http://www.bestbuy.ca/en-CA/home.aspx,12:00 AM,12:00 AM,10:00 AM,9:00 PM,10:00 AM,9:00 PM,10:00 AM,9:00 PM,10:00 AM,9:00 PM,10:00 AM,9:00 PM,11:00 AM,6:00 PM,,-81.245755,43.9488089,,,,,,,,,,,
"14 Martindale Cres., Unit 1",Ancaster,Best Buy,,,,,, (905) 304-7624,ON,,,,Electronics,,http://www.bestbuy.ca/en-CA/home.aspx,12:00 AM,12:00 AM,10:00 AM,9:00 PM,10:00 AM,9:00 PM,10:00 AM,9:00 PM,10:00 AM,9:00 PM,10:00 AM,9:00 PM,11:00 AM,6:00 PM,,-79.944776,44.097373,,,,,,,,,,,
1779 Stone Church Rd. E,Hamilton,Best Buy,,,,,, (905) 667-1633,ON,,,,Electronics,,http://www.bestbuy.ca/en-CA/home.aspx,12:00 AM,12:00 AM,10:00 AM,9:00 PM,10:00 AM,9:00 PM,10:00 AM,9:00 PM,10:00 AM,9:00 PM,10:00 AM,9:00 PM,11:00 AM,6:00 PM,,-79.81059,42.6229204,,,,,,,,,,,
"52 First Commerce Dr., Unit 2",Aurora,Best Buy,,,,,, (905) 751-1114,ON,,,,Electronics,,http://www.bestbuy.ca/en-CA/home.aspx,12:00 AM,12:00 AM,10:00 AM,9:00 PM,10:00 AM,9:00 PM,10:00 AM,9:00 PM,10:00 AM,9:00 PM,10:00 AM,9:00 PM,11:00 AM,6:00 PM,,-79.41506,46.07526,,,,,,,,,,,
9817 116th St.,Grande Prairie,Best Buy,,,,,, (780) 513-7325,AB,,,,Electronics,,http://www.bestbuy.ca/en-CA/home.aspx,10:00 AM,6:00 PM,10:00 AM,9:00 PM,10:00 AM,9:00 PM,10:00 AM,9:00 PM,10:00 AM,9:00 PM,10:00 AM,9:00 PM,11:00 AM,6:00 PM,,-118.846197,44.7176946,,,,,,,,,,,
2040 38 Ave. NW,Edmonton,Best Buy,,,,,, (780) 450-7200,AB,,,,Electronics,,http://www.bestbuy.ca/en-CA/home.aspx,10:00 AM,6:00 PM,10:00 AM,9:00 PM,10:00 AM,9:00 PM,10:00 AM,9:00 PM,10:00 AM,9:00 PM,10:00 AM,9:00 PM,11:00 AM,6:00 PM,,-113.371236,51.0170321,,,,,,,,,,,
202 Bell Blvd.,Belleville,Best Buy,,,,,, (613) 962-3495,ON,,,,Electronics,,http://www.bestbuy.ca/en-CA/home.aspx,12:00 AM,12:00 AM,10:00 AM,9:00 PM,10:00 AM,9:00 PM,10:00 AM,9:00 PM,10:00 AM,9:00 PM,10:00 AM,9:00 PM,11:00 AM,6:00 PM,,-77.401262,45.46922467,,,,,,,,,,,
1195 Maple Ave.,Milton,Best Buy,,,,,, (905) 693-8601,ON,,,,Electronics,,http://www.bestbuy.ca/en-CA/home.aspx,12:00 AM,12:00 AM,10:00 AM,9:00 PM,10:00 AM,9:00 PM,10:00 AM,9:00 PM,10:00 AM,9:00 PM,10:00 AM,9:00 PM,11:00 AM,6:00 PM,,-79.86842,43.8807892,,,,,,,,,,,
"32900 South Fraser Way, Unit 4",Abbotsford,Best Buy,,,,,, (604) 852-6220,BC,,,,Electronics,,http://www.bestbuy.ca/en-CA/home.aspx,10:00 AM,6:00 PM,10:00 AM,9:00 PM,10:00 AM,9:00 PM,10:00 AM,9:00 PM,10:00 AM,9:00 PM,10:00 AM,9:00 PM,11:00 AM,6:00 PM,,-122.31054,43.8426678,,,,,,,,,,,
8133 Ontario St.,Vancouver,Best Buy,,,,,, (604) 326-3350,BC,,,,Electronics,,http://www.bestbuy.ca/en-CA/home.aspx,10:00 AM,6:00 PM,10:00 AM,9:00 PM,10:00 AM,9:00 PM,10:00 AM,9:00 PM,10:00 AM,9:00 PM,10:00 AM,9:00 PM,11:00 AM,6:00 PM,,-123.106773,43.956522,,,,,,,,,,,
28 Pinebush Rd.,Cambridge,Best Buy,,,,,, (519) 624-9772,ON,,,,Electronics,,http://www.bestbuy.ca/en-CA/home.aspx,12:00 AM,12:00 AM,10:00 AM,9:00 PM,10:00 AM,9:00 PM,10:00 AM,9:00 PM,10:00 AM,9:00 PM,10:00 AM,9:00 PM,11:00 AM,6:00 PM,,-80.326392,42.4406419,,,,,,,,,,,
901 17th Ave. SW,Calgary,Best Buy,,,,,, (403) 541-6090,AB,,,,Electronics,,http://www.bestbuy.ca/en-CA/home.aspx,10:00 AM,6:00 PM,10:00 AM,9:00 PM,10:00 AM,9:00 PM,10:00 AM,9:00 PM,10:00 AM,9:00 PM,10:00 AM,9:00 PM,11:00 AM,6:00 PM,,-114.082008,42.8819788,,,,,,,,,,,